Sales Person,Country,Product,Date,Amount,Boxes Shipped
Jehu Rudeforth,UK,Mint Chip Choco,4-Jan-22,5320.00,180
Van Tuxwell,India,85% Dark Bars,1-Aug-22,7896.00,94
Gigi Bohling,India,Peanut Butter Cubes,7-Jul-22,4501.00,91
Jan Morforth,Australia,Peanut Butter Cubes,27-Apr-22,12726.00,342
Jehu Rudeforth,UK,Peanut Butter Cubes,24-Feb-22,13685.00,184
Van Tuxwell,India,Smooth Sliky Salty,6-Jun-22,5376.00,38
Oby Sorrel,UK,99% Dark & Pure,25-Jan-22,13685.00,176
Gunar Cockshoot,Australia,After Nines,24-Mar-22,3080.00,73
Jehu Rudeforth,New Zealand,50% Dark Bites,20-Apr-22,3990.00,59
Brien Boise,Australia,99% Dark & Pure,4-Jul-22,2835.00,102
Rafaelita Blaksland,UK,Smooth Sliky Salty,13-Jan-22,4704.00,62
Barr Faughny,USA,Orange Choco,10-Mar-22,3703.00,11
Mallorie Waber,Canada,Eclairs,13-Jan-22,1442.00,286
Karlen McCaffrey,New Zealand,Drinking Coco,28-Jul-22,168.00,156
Marney O'Breen,New Zealand,Peanut Butter Cubes,3-Aug-22,8379.00,173
Beverie Moffet,Australia,Organic Choco Syrup,26-Jan-22,6790.00,356
Van Tuxwell,Canada,Organic Choco Syrup,14-Feb-22,4067.00,42
Roddy Speechley,USA,Smooth Sliky Salty,5-Apr-22,3017.00,140
Beverie Moffet,Canada,Milk Bars,16-Feb-22,8799.00,250
Curtice Advani,UK,85% Dark Bars,8-Jun-22,1085.00,172
Brien Boise,Australia,Eclairs,27-Jun-22,6888.00,88
Gunar Cockshoot,USA,Spicy Special Slims,17-Feb-22,1267.00,157
Marney O'Breen,USA,After Nines,30-May-22,4753.00,163
Husein Augar,UK,Drinking Coco,14-Mar-22,3003.00,113
Kaine Padly,Australia,Eclairs,28-Feb-22,7672.00,115
Karlen McCaffrey,India,Fruit & Nut Bars,26-Jan-22,168.00,321
Roddy Speechley,Canada,Spicy Special Slims,9-Feb-22,1652.00,186
Husein Augar,USA,Eclairs,7-Jul-22,4025.00,112
Dennison Crosswaite,New Zealand,White Choc,5-Jul-22,9492.00,151
Dennison Crosswaite,New Zealand,Manuka Honey Choco,15-Jun-22,5061.00,301
Van Tuxwell,New Zealand,85% Dark Bars,24-May-22,1722.00,121
Rafaelita Blaksland,UK,99% Dark & Pure,29-Jun-22,12446.00,150
Wilone O'Kielt,Australia,Manuka Honey Choco,11-May-22,4284.00,94
Karlen McCaffrey,UK,Almond Choco,30-Jun-22,6839.00,133
Andria Kimpton,Canada,After Nines,11-May-22,2163.00,70
Roddy Speechley,USA,Manuka Honey Choco,22-Jul-22,9583.00,315
Andria Kimpton,UK,50% Dark Bites,24-Aug-22,2653.00,314
Kelci Walkden,New Zealand,After Nines,7-Jul-22,147.00,72
Camilla Castle,Australia,85% Dark Bars,19-May-22,3654.00,14
Karlen McCaffrey,India,Manuka Honey Choco,4-Jul-22,2443.00,581
Kelci Walkden,USA,After Nines,2-Jun-22,938.00,16
Karlen McCaffrey,USA,Raspberry Choco,15-Apr-22,14749.00,354
Mallorie Waber,Canada,Choco Coated Almonds,11-Jul-22,4781.00,241
Andria Kimpton,India,Spicy Special Slims,23-Feb-22,6307.00,142
Madelene Upcott,Canada,Almond Choco,22-Aug-22,7602.00,102
Kaine Padly,USA,Peanut Butter Cubes,16-Feb-22,6790.00,188
Van Tuxwell,USA,50% Dark Bites,13-Jan-22,9737.00,160
Curtice Advani,Australia,Milk Bars,14-Feb-22,6979.00,18
Roddy Speechley,India,Eclairs,10-Jun-22,4382.00,303
Curtice Advani,India,Fruit & Nut Bars,7-Jul-22,5243.00,176
Curtice Advani,Canada,Almond Choco,24-Mar-22,4865.00,70
Brien Boise,Australia,Fruit & Nut Bars,6-Jun-22,8575.00,23
Dotty Strutley,Australia,Drinking Coco,19-Jul-22,91.00,135
Beverie Moffet,USA,Raspberry Choco,19-Apr-22,14798.00,83
Marney O'Breen,India,85% Dark Bars,19-Jul-22,2205.00,179
Jehu Rudeforth,Canada,Drinking Coco,15-Jul-22,441.00,24
Ches Bonnell,New Zealand,Spicy Special Slims,14-Feb-22,3556.00,18
Brien Boise,Canada,99% Dark & Pure,18-May-22,16793.00,416
Barr Faughny,Australia,Fruit & Nut Bars,30-Jun-22,15421.00,55
Andria Kimpton,Australia,50% Dark Bites,2-Jun-22,4438.00,227
Andria Kimpton,Australia,Drinking Coco,28-Jun-22,1603.00,48
Marney O'Breen,Australia,Organic Choco Syrup,16-May-22,273.00,174
Kelci Walkden,Canada,Baker's Choco Chips,26-May-22,3073.00,302
Karlen McCaffrey,India,Almond Choco,6-Jul-22,6090.00,149
Oby Sorrel,India,99% Dark & Pure,27-May-22,10255.00,11
Wilone O'Kielt,Australia,Caramel Stuffed Bars,14-Apr-22,2030.00,11
Van Tuxwell,Australia,Organic Choco Syrup,10-Aug-22,19453.00,14
Camilla Castle,India,50% Dark Bites,4-Jul-22,9275.00,411
Oby Sorrel,India,Organic Choco Syrup,8-Jul-22,6181.00,56
Jan Morforth,USA,Peanut Butter Cubes,22-Jul-22,9037.00,102
Gigi Bohling,USA,Choco Coated Almonds,2-Mar-22,12313.00,103
Gigi Bohling,UK,Almond Choco,10-Jan-22,5642.00,9
Jehu Rudeforth,New Zealand,White Choc,11-Mar-22,2800.00,241
Andria Kimpton,New Zealand,Peanut Butter Cubes,20-Jun-22,959.00,265
Van Tuxwell,UK,Organic Choco Syrup,26-Aug-22,2002.00,214
Roddy Speechley,Canada,Milk Bars,13-Jul-22,609.00,32
Camilla Castle,USA,Spicy Special Slims,11-Feb-22,1274.00,244
Marney O'Breen,USA,Orange Choco,27-Jan-22,7595.00,181
Van Tuxwell,UK,99% Dark & Pure,31-Jan-22,4725.00,137
Camilla Castle,USA,White Choc,18-Aug-22,9681.00,24
Andria Kimpton,USA,Raspberry Choco,30-Jun-22,14504.00,21
Dotty Strutley,Australia,Fruit & Nut Bars,23-Aug-22,280.00,311
Brien Boise,New Zealand,Mint Chip Choco,1-Aug-22,63.00,181
Roddy Speechley,New Zealand,After Nines,25-May-22,8001.00,10
Roddy Speechley,Canada,Organic Choco Syrup,10-Jan-22,4032.00,82
Dennison Crosswaite,Australia,70% Dark Bites,7-Feb-22,5859.00,108
Karlen McCaffrey,USA,Orange Choco,12-May-22,11095.00,401
Madelene Upcott,Australia,Spicy Special Slims,7-Mar-22,7182.00,408
Dennison Crosswaite,Australia,85% Dark Bars,5-Apr-22,6881.00,420
Andria Kimpton,Canada,Caramel Stuffed Bars,3-Jan-22,7154.00,348
Dennison Crosswaite,UK,Eclairs,24-Mar-22,6188.00,270
Madelene Upcott,India,Raspberry Choco,7-Jul-22,4221.00,9
Van Tuxwell,USA,After Nines,26-Jul-22,630.00,264
Wilone O'Kielt,Australia,Organic Choco Syrup,7-Jul-22,1743.00,111
Karlen McCaffrey,Canada,50% Dark Bites,15-Jul-22,2919.00,65
Roddy Speechley,New Zealand,Orange Choco,1-Apr-22,49.00,97
Beverie Moffet,Australia,Eclairs,20-Jun-22,1827.00,6
Kelci Walkden,UK,Fruit & Nut Bars,29-Jun-22,13006.00,482
Marney O'Breen,USA,50% Dark Bites,15-Jun-22,1064.00,106
Husein Augar,USA,After Nines,8-Apr-22,11571.00,180
Dennison Crosswaite,Australia,Raspberry Choco,14-Mar-22,5740.00,31
Andria Kimpton,USA,Fruit & Nut Bars,15-Jul-22,1456.00,359
Kelci Walkden,India,Eclairs,19-Apr-22,5334.00,80
Marney O'Breen,USA,99% Dark & Pure,28-Mar-22,4151.00,296
Brien Boise,Canada,Spicy Special Slims,4-Mar-22,8106.00,101
Karlen McCaffrey,New Zealand,70% Dark Bites,2-Aug-22,126.00,40
Husein Augar,UK,Spicy Special Slims,25-Aug-22,4697.00,42
Marney O'Breen,USA,Almond Choco,25-Feb-22,7798.00,167
Kelci Walkden,India,Orange Choco,7-Jun-22,9408.00,138
Jan Morforth,India,Spicy Special Slims,12-Apr-22,1939.00,520
Ches Bonnell,India,Spicy Special Slims,6-Jul-22,10906.00,94
Kelci Walkden,UK,Smooth Sliky Salty,19-Jan-22,5929.00,175
Madelene Upcott,Australia,Fruit & Nut Bars,5-Jan-22,5579.00,92
Madelene Upcott,Canada,70% Dark Bites,24-Jan-22,10927.00,141
Wilone O'Kielt,Australia,Drinking Coco,6-Apr-22,623.00,283
Gunar Cockshoot,Australia,Fruit & Nut Bars,15-Jun-22,6013.00,21
Gigi Bohling,Canada,Baker's Choco Chips,28-Jan-22,1505.00,47
Kelci Walkden,India,Caramel Stuffed Bars,16-Mar-22,476.00,125
Rafaelita Blaksland,Australia,Drinking Coco,21-Feb-22,11550.00,396
Kelci Walkden,USA,Manuka Honey Choco,16-Feb-22,17318.00,87
Jehu Rudeforth,Canada,Spicy Special Slims,13-Jan-22,1848.00,27
Kelci Walkden,Australia,Eclairs,23-Mar-22,7273.00,547
Curtice Advani,Canada,Spicy Special Slims,16-Jun-22,854.00,118
Oby Sorrel,India,Raspberry Choco,14-Apr-22,6832.00,46
Kelci Walkden,UK,Eclairs,25-Jan-22,4606.00,57
Jan Morforth,India,Almond Choco,11-Mar-22,4466.00,22
Dotty Strutley,UK,Almond Choco,28-Jul-22,16114.00,96
Marney O'Breen,New Zealand,After Nines,9-Mar-22,1561.00,44
Husein Augar,Australia,Orange Choco,28-Jun-22,8897.00,188
Marney O'Breen,Australia,Milk Bars,28-Jul-22,2464.00,387
Kelci Walkden,Canada,99% Dark & Pure,15-Aug-22,4830.00,50
Kaine Padly,Australia,Manuka Honey Choco,12-Jan-22,2765.00,264
Beverie Moffet,New Zealand,White Choc,24-Mar-22,7126.00,7
Van Tuxwell,UK,Milk Bars,25-Jul-22,4263.00,90
Oby Sorrel,Canada,99% Dark & Pure,1-Aug-22,3605.00,403
Van Tuxwell,India,Organic Choco Syrup,16-May-22,19929.00,174
Roddy Speechley,India,Smooth Sliky Salty,10-Aug-22,5103.00,140
Jan Morforth,India,Eclairs,5-Jan-22,2541.00,27
Ches Bonnell,UK,Smooth Sliky Salty,11-Jul-22,5663.00,110
Wilone O'Kielt,USA,After Nines,25-Apr-22,392.00,30
Gigi Bohling,New Zealand,Fruit & Nut Bars,4-Apr-22,10976.00,121
Barr Faughny,USA,Raspberry Choco,12-Apr-22,9282.00,101
Wilone O'Kielt,New Zealand,85% Dark Bars,2-Aug-22,1827.00,117
Gigi Bohling,New Zealand,Manuka Honey Choco,28-Jun-22,8267.00,272
Ches Bonnell,Australia,Eclairs,5-Jul-22,4116.00,128
Rafaelita Blaksland,New Zealand,Choco Coated Almonds,7-Jun-22,2093.00,45
Brien Boise,New Zealand,Smooth Sliky Salty,18-Jan-22,1015.00,27
Brien Boise,Australia,Baker's Choco Chips,4-Jan-22,12516.00,212
Dennison Crosswaite,Australia,99% Dark & Pure,31-Jan-22,2758.00,18
Kelci Walkden,India,Almond Choco,14-Mar-22,3297.00,149
Camilla Castle,Australia,70% Dark Bites,29-Apr-22,6048.00,477
Oby Sorrel,India,Smooth Sliky Salty,7-Feb-22,10101.00,108
Kaine Padly,UK,Organic Choco Syrup,31-Mar-22,2282.00,178
Marney O'Breen,India,Caramel Stuffed Bars,16-Mar-22,4361.00,81
Karlen McCaffrey,UK,Eclairs,25-Jan-22,7798.00,196
Van Tuxwell,India,Baker's Choco Chips,20-Jun-22,3052.00,447
Gigi Bohling,UK,After Nines,29-Mar-22,8029.00,175
Curtice Advani,Australia,Orange Choco,12-Jul-22,854.00,136
Jehu Rudeforth,Canada,Smooth Sliky Salty,11-Jul-22,5460.00,138
Karlen McCaffrey,Canada,Smooth Sliky Salty,19-Jan-22,3017.00,184
Andria Kimpton,USA,85% Dark Bars,5-Apr-22,8911.00,82
Jehu Rudeforth,Canada,Milk Bars,21-Feb-22,7203.00,12
Rafaelita Blaksland,New Zealand,Caramel Stuffed Bars,20-May-22,13083.00,14
Mallorie Waber,Australia,Milk Bars,29-Jul-22,2779.00,104
Barr Faughny,USA,Fruit & Nut Bars,28-Jan-22,9058.00,46
Marney O'Breen,UK,Caramel Stuffed Bars,19-Jul-22,3549.00,112
Mallorie Waber,New Zealand,Manuka Honey Choco,13-Apr-22,9436.00,11
Roddy Speechley,India,Peanut Butter Cubes,11-Feb-22,10283.00,21
Roddy Speechley,New Zealand,Milk Bars,2-Mar-22,5446.00,116
Ches Bonnell,Australia,White Choc,2-Mar-22,1043.00,202
Van Tuxwell,USA,99% Dark & Pure,28-Jul-22,12586.00,6
Kelci Walkden,India,After Nines,7-Jan-22,1687.00,520
Brien Boise,UK,White Choc,12-Apr-22,5299.00,167
Van Tuxwell,Canada,Almond Choco,27-Jun-22,3213.00,72
Jehu Rudeforth,Australia,50% Dark Bites,14-Jan-22,5194.00,418
Karlen McCaffrey,UK,Baker's Choco Chips,7-Feb-22,4753.00,389
Jehu Rudeforth,Australia,Orange Choco,23-Mar-22,13706.00,26
Marney O'Breen,India,Peanut Butter Cubes,10-Jan-22,6489.00,146
Oby Sorrel,UK,Choco Coated Almonds,17-Mar-22,9324.00,41
Gigi Bohling,USA,Spicy Special Slims,21-Jan-22,10829.00,54
Barr Faughny,Australia,White Choc,4-Jul-22,8113.00,370
Kaine Padly,Canada,Peanut Butter Cubes,4-Jul-22,3269.00,176
Dotty Strutley,USA,Manuka Honey Choco,10-Aug-22,273.00,210
Dennison Crosswaite,Australia,50% Dark Bites,1-Apr-22,7287.00,12
Gigi Bohling,India,Raspberry Choco,22-Feb-22,2583.00,159
Camilla Castle,UK,White Choc,3-Jan-22,9982.00,187
Karlen McCaffrey,India,Drinking Coco,31-May-22,4795.00,233
Dotty Strutley,UK,99% Dark & Pure,3-Jan-22,9310.00,282
Husein Augar,New Zealand,Caramel Stuffed Bars,27-Jan-22,497.00,475
Barr Faughny,UK,50% Dark Bites,28-Jan-22,581.00,65
Curtice Advani,Australia,Organic Choco Syrup,28-Jun-22,3472.00,311
Husein Augar,UK,Choco Coated Almonds,2-Mar-22,4333.00,43
Wilone O'Kielt,Australia,After Nines,27-May-22,3325.00,26
Dennison Crosswaite,USA,Almond Choco,30-Jun-22,11718.00,84
Barr Faughny,Canada,Peanut Butter Cubes,7-Jun-22,2100.00,78
Kaine Padly,USA,70% Dark Bites,12-May-22,4018.00,100
Barr Faughny,New Zealand,Raspberry Choco,29-Jul-22,6468.00,66
Dennison Crosswaite,UK,White Choc,3-Aug-22,7238.00,265
Barr Faughny,India,Baker's Choco Chips,18-Aug-22,6454.00,141
Van Tuxwell,New Zealand,Smooth Sliky Salty,14-Jun-22,3115.00,42
Beverie Moffet,UK,White Choc,30-Jun-22,6475.00,76
Camilla Castle,New Zealand,Mint Chip Choco,13-Jun-22,1162.00,190
Ches Bonnell,UK,Orange Choco,27-Apr-22,14238.00,54
Jan Morforth,Australia,White Choc,27-Jul-22,3472.00,32
Mallorie Waber,Canada,85% Dark Bars,20-Apr-22,1428.00,424
Rafaelita Blaksland,India,Spicy Special Slims,4-Jan-22,8064.00,134
Ches Bonnell,Australia,Mint Chip Choco,21-Feb-22,9660.00,92
Karlen McCaffrey,Australia,White Choc,5-Jan-22,7357.00,48
Beverie Moffet,India,Drinking Coco,15-Jul-22,6055.00,46
Brien Boise,Australia,Choco Coated Almonds,25-May-22,5124.00,62
Karlen McCaffrey,Canada,Eclairs,20-Apr-22,3479.00,358
Gigi Bohling,USA,99% Dark & Pure,2-Jun-22,784.00,249
Marney O'Breen,UK,Smooth Sliky Salty,13-May-22,18991.00,88
Beverie Moffet,New Zealand,Baker's Choco Chips,3-Aug-22,1372.00,144
Beverie Moffet,Australia,Milk Bars,25-May-22,735.00,390
Van Tuxwell,UK,Raspberry Choco,16-Mar-22,6538.00,79
Jan Morforth,Australia,Orange Choco,4-Jul-22,3199.00,122
Jehu Rudeforth,India,50% Dark Bites,5-Jul-22,3472.00,135
Madelene Upcott,USA,After Nines,15-Mar-22,4571.00,430
Barr Faughny,UK,Raspberry Choco,22-Aug-22,5481.00,69
Ches Bonnell,Australia,70% Dark Bites,12-Jan-22,3136.00,125
Marney O'Breen,UK,Baker's Choco Chips,10-Jun-22,252.00,154
Kaine Padly,Australia,Peanut Butter Cubes,25-Mar-22,5460.00,286
Rafaelita Blaksland,India,Almond Choco,27-Jul-22,3395.00,99
Husein Augar,UK,Caramel Stuffed Bars,15-Apr-22,14938.00,433
Roddy Speechley,India,Orange Choco,27-Jun-22,4053.00,19
Jehu Rudeforth,UK,70% Dark Bites,14-Apr-22,5565.00,258
Husein Augar,Australia,Manuka Honey Choco,15-Mar-22,7161.00,92
Madelene Upcott,USA,Eclairs,18-Mar-22,8883.00,200
Brien Boise,India,Eclairs,29-Apr-22,1351.00,61
Mallorie Waber,New Zealand,White Choc,25-Feb-22,3171.00,246
Husein Augar,USA,Milk Bars,2-Mar-22,854.00,56
Van Tuxwell,Australia,Milk Bars,20-Jun-22,7910.00,87
Beverie Moffet,Canada,White Choc,15-Jul-22,9275.00,173
Dotty Strutley,Australia,50% Dark Bites,12-May-22,3108.00,252
Mallorie Waber,New Zealand,Organic Choco Syrup,1-Jul-22,5075.00,256
Husein Augar,USA,85% Dark Bars,8-Aug-22,378.00,54
Madelene Upcott,Australia,50% Dark Bites,25-Jul-22,7350.00,6
Wilone O'Kielt,UK,Drinking Coco,18-May-22,3388.00,55
Camilla Castle,India,Peanut Butter Cubes,15-Jul-22,11837.00,277
Curtice Advani,India,70% Dark Bites,5-Jul-22,2282.00,44
Mallorie Waber,USA,Manuka Honey Choco,4-Jul-22,5425.00,96
Dotty Strutley,UK,70% Dark Bites,20-Jun-22,1267.00,216
Gunar Cockshoot,Australia,Almond Choco,25-Jan-22,3752.00,424
Kaine Padly,New Zealand,Spicy Special Slims,1-Jul-22,7728.00,37
Gigi Bohling,USA,50% Dark Bites,13-Apr-22,2296.00,59
Beverie Moffet,UK,Smooth Sliky Salty,4-May-22,4403.00,76
Beverie Moffet,Australia,Baker's Choco Chips,4-Aug-22,3192.00,109
Beverie Moffet,India,70% Dark Bites,1-Jun-22,448.00,146
Jehu Rudeforth,UK,Choco Coated Almonds,22-Apr-22,4270.00,185
Kaine Padly,USA,50% Dark Bites,3-Aug-22,70.00,27
Ches Bonnell,USA,Orange Choco,10-Jun-22,1743.00,69
Gunar Cockshoot,UK,Manuka Honey Choco,27-Jun-22,6762.00,46
Marney O'Breen,Australia,Smooth Sliky Salty,3-Jan-22,3745.00,170
Marney O'Breen,India,After Nines,11-Jul-22,2639.00,179
Ches Bonnell,New Zealand,Milk Bars,17-Aug-22,4389.00,126
Rafaelita Blaksland,USA,Fruit & Nut Bars,18-Jan-22,2604.00,65
Ches Bonnell,India,Organic Choco Syrup,8-Mar-22,16569.00,99
Mallorie Waber,Australia,Orange Choco,7-Mar-22,14658.00,275
Husein Augar,India,70% Dark Bites,9-May-22,6454.00,157
Barr Faughny,New Zealand,85% Dark Bars,23-May-22,2100.00,157
Madelene Upcott,UK,Caramel Stuffed Bars,15-Apr-22,161.00,145
Gigi Bohling,Australia,Drinking Coco,27-Jul-22,2807.00,139
Marney O'Breen,Canada,Choco Coated Almonds,22-Aug-22,2639.00,406
Ches Bonnell,USA,70% Dark Bites,11-May-22,4571.00,122
Madelene Upcott,India,Organic Choco Syrup,26-Jan-22,4781.00,38
Barr Faughny,USA,50% Dark Bites,14-Apr-22,13034.00,117
Dennison Crosswaite,New Zealand,Mint Chip Choco,5-Apr-22,6454.00,417
Marney O'Breen,New Zealand,Smooth Sliky Salty,14-Jun-22,8484.00,57
Brien Boise,Canada,Almond Choco,13-Apr-22,4781.00,125
Beverie Moffet,Australia,White Choc,27-Jun-22,2240.00,166
Dotty Strutley,Australia,Eclairs,26-Jan-22,6979.00,3
Barr Faughny,UK,White Choc,5-Jul-22,1652.00,72
Beverie Moffet,Canada,Baker's Choco Chips,11-Jan-22,13447.00,95
Kelci Walkden,USA,White Choc,7-Mar-22,9422.00,22
Kaine Padly,Canada,50% Dark Bites,4-Mar-22,8687.00,100
Karlen McCaffrey,Canada,Organic Choco Syrup,15-Jul-22,2415.00,312
Kaine Padly,UK,Peanut Butter Cubes,11-May-22,6272.00,86
Karlen McCaffrey,USA,Milk Bars,27-Jan-22,4389.00,7
Karlen McCaffrey,India,Orange Choco,27-Jun-22,3122.00,149
Ches Bonnell,India,Smooth Sliky Salty,3-Aug-22,8043.00,18
Wilone O'Kielt,New Zealand,Mint Chip Choco,19-Aug-22,11662.00,242
Wilone O'Kielt,Australia,Fruit & Nut Bars,15-Jun-22,392.00,102
Dennison Crosswaite,UK,Peanut Butter Cubes,7-Feb-22,8925.00,158
Karlen McCaffrey,Australia,Almond Choco,8-Jul-22,7294.00,128
Dennison Crosswaite,India,Milk Bars,21-Apr-22,1526.00,96
Ches Bonnell,UK,Mint Chip Choco,8-Apr-22,2688.00,209
Husein Augar,Australia,50% Dark Bites,19-Aug-22,14889.00,52
Jan Morforth,India,Fruit & Nut Bars,4-May-22,2912.00,55
Mallorie Waber,USA,85% Dark Bars,11-May-22,2632.00,108
Mallorie Waber,USA,Eclairs,22-Mar-22,6328.00,51
Dennison Crosswaite,Canada,Spicy Special Slims,10-Aug-22,2527.00,216
Dennison Crosswaite,USA,Fruit & Nut Bars,4-May-22,1414.00,318
Kelci Walkden,USA,99% Dark & Pure,18-Aug-22,7714.00,238
Dotty Strutley,Canada,Raspberry Choco,3-Aug-22,4347.00,238
Marney O'Breen,New Zealand,Milk Bars,14-Jan-22,7490.00,315
Madelene Upcott,Australia,Choco Coated Almonds,8-Apr-22,2058.00,72
Kelci Walkden,UK,Orange Choco,1-Aug-22,3640.00,3
Dennison Crosswaite,Canada,Eclairs,15-Mar-22,455.00,45
Karlen McCaffrey,India,Mint Chip Choco,15-Jul-22,10990.00,184
Barr Faughny,New Zealand,Almond Choco,13-Jan-22,5558.00,127
Mallorie Waber,Australia,85% Dark Bars,26-Aug-22,2541.00,53
Ches Bonnell,Canada,Eclairs,10-Jan-22,1876.00,172
Gigi Bohling,Australia,White Choc,11-May-22,5523.00,87
Beverie Moffet,New Zealand,85% Dark Bars,30-Aug-22,11200.00,22
Kaine Padly,USA,Caramel Stuffed Bars,21-Jul-22,5593.00,122
Mallorie Waber,Australia,Almond Choco,1-Aug-22,7882.00,125
Brien Boise,Canada,85% Dark Bars,17-Feb-22,10241.00,259
Brien Boise,Australia,Drinking Coco,27-Jul-22,6832.00,156
Dotty Strutley,USA,Orange Choco,23-Feb-22,1379.00,107
Rafaelita Blaksland,Australia,50% Dark Bites,22-Mar-22,3010.00,40
Dennison Crosswaite,India,99% Dark & Pure,23-Jun-22,6888.00,311
Curtice Advani,UK,White Choc,1-Feb-22,1540.00,73
Kelci Walkden,Australia,After Nines,2-Mar-22,6916.00,288
Gigi Bohling,UK,Fruit & Nut Bars,6-Apr-22,1232.00,86
Gunar Cockshoot,Australia,Raspberry Choco,17-Mar-22,602.00,72
Curtice Advani,UK,Fruit & Nut Bars,24-Jun-22,10927.00,136
Barr Faughny,Canada,50% Dark Bites,19-Jul-22,10185.00,303
Curtice Advani,USA,Spicy Special Slims,11-Jul-22,1603.00,264
Brien Boise,India,Almond Choco,13-Jan-22,2170.00,218
Oby Sorrel,New Zealand,Smooth Sliky Salty,7-Jul-22,8673.00,60
Jan Morforth,India,85% Dark Bars,25-May-22,4760.00,418
Marney O'Breen,India,Fruit & Nut Bars,13-Apr-22,4753.00,151
Andria Kimpton,New Zealand,50% Dark Bites,2-Mar-22,3374.00,202
Gunar Cockshoot,Canada,Raspberry Choco,23-Jun-22,2058.00,126
Kelci Walkden,USA,Drinking Coco,26-Jul-22,6454.00,160
Van Tuxwell,Canada,White Choc,22-Mar-22,420.00,3
Rafaelita Blaksland,USA,Baker's Choco Chips,9-Jun-22,2863.00,58
Van Tuxwell,Australia,Caramel Stuffed Bars,17-May-22,5936.00,59
Ches Bonnell,New Zealand,Peanut Butter Cubes,4-Mar-22,889.00,273
Kelci Walkden,Canada,Milk Bars,7-Jul-22,16016.00,28
Dennison Crosswaite,Canada,Choco Coated Almonds,13-Jan-22,10479.00,118
Curtice Advani,Australia,Almond Choco,13-Jul-22,2912.00,75
Madelene Upcott,Australia,85% Dark Bars,16-Jun-22,1575.00,329
Gigi Bohling,UK,50% Dark Bites,18-Jul-22,8197.00,69
Ches Bonnell,UK,Manuka Honey Choco,30-May-22,4221.00,395
Gigi Bohling,UK,70% Dark Bites,21-Jun-22,840.00,81
Jehu Rudeforth,Australia,Peanut Butter Cubes,24-Jun-22,5691.00,38
Marney O'Breen,India,Eclairs,13-Jan-22,3472.00,96
Curtice Advani,Canada,Fruit & Nut Bars,4-Apr-22,4193.00,195
Kaine Padly,UK,Smooth Sliky Salty,8-Jun-22,9016.00,554
Karlen McCaffrey,Canada,Spicy Special Slims,2-Aug-22,6328.00,47
Kelci Walkden,USA,Organic Choco Syrup,21-Jul-22,9870.00,152
Curtice Advani,India,Spicy Special Slims,20-Jun-22,161.00,134
Roddy Speechley,India,After Nines,22-Jun-22,2576.00,112
Camilla Castle,Australia,Caramel Stuffed Bars,2-May-22,3178.00,16
Curtice Advani,Australia,99% Dark & Pure,7-Jan-22,4676.00,84
Mallorie Waber,UK,50% Dark Bites,21-Feb-22,5502.00,99
Ches Bonnell,Canada,Baker's Choco Chips,21-Mar-22,7462.00,371
Van Tuxwell,UK,Drinking Coco,4-Apr-22,5803.00,136
Gunar Cockshoot,Canada,Fruit & Nut Bars,24-Mar-22,13888.00,203
Gunar Cockshoot,New Zealand,Spicy Special Slims,28-Jun-22,6867.00,183
Gunar Cockshoot,Australia,Drinking Coco,14-Jan-22,2317.00,195
Karlen McCaffrey,New Zealand,Fruit & Nut Bars,7-Feb-22,1218.00,135
Dennison Crosswaite,New Zealand,Drinking Coco,11-Jan-22,4109.00,197
Jehu Rudeforth,India,99% Dark & Pure,25-Feb-22,1953.00,242
Dotty Strutley,Australia,Mint Chip Choco,1-Aug-22,6790.00,25
Roddy Speechley,Australia,Mint Chip Choco,5-May-22,6797.00,252
Madelene Upcott,New Zealand,Raspberry Choco,18-May-22,9226.00,415
Dotty Strutley,New Zealand,Choco Coated Almonds,4-Jan-22,5733.00,348
Roddy Speechley,New Zealand,50% Dark Bites,9-May-22,4312.00,211
Rafaelita Blaksland,India,Smooth Sliky Salty,6-May-22,1638.00,81
Husein Augar,UK,White Choc,13-Jan-22,10815.00,145
Roddy Speechley,Australia,Almond Choco,24-Jun-22,4466.00,74
Van Tuxwell,USA,Caramel Stuffed Bars,14-Feb-22,987.00,21
Camilla Castle,Australia,99% Dark & Pure,18-Jan-22,4669.00,101
Kaine Padly,India,Milk Bars,2-May-22,2905.00,91
Ches Bonnell,Australia,Smooth Sliky Salty,16-May-22,7490.00,54
Mallorie Waber,USA,Almond Choco,28-Jan-22,6986.00,368
Kaine Padly,Canada,99% Dark & Pure,24-Jun-22,1288.00,409
Oby Sorrel,UK,After Nines,18-Jul-22,2345.00,104
Gunar Cockshoot,UK,Eclairs,13-Apr-22,3619.00,164
Dotty Strutley,USA,Caramel Stuffed Bars,15-Apr-22,16982.00,76
Jan Morforth,India,Peanut Butter Cubes,4-Jan-22,8092.00,178
Husein Augar,Australia,Eclairs,4-Jul-22,6993.00,31
Beverie Moffet,USA,Smooth Sliky Salty,24-Mar-22,2317.00,352
Camilla Castle,Australia,Manuka Honey Choco,17-Mar-22,637.00,169
Oby Sorrel,Australia,Almond Choco,15-Feb-22,6034.00,223
Jan Morforth,USA,Orange Choco,29-Jun-22,980.00,146
Gigi Bohling,USA,Fruit & Nut Bars,24-May-22,2821.00,112
Mallorie Waber,UK,Milk Bars,10-Jan-22,3563.00,284
Curtice Advani,USA,Raspberry Choco,15-Mar-22,2996.00,139
Marney O'Breen,Canada,Milk Bars,8-Feb-22,2436.00,309
Brien Boise,India,Caramel Stuffed Bars,25-Feb-22,1540.00,100
Gunar Cockshoot,USA,Eclairs,3-May-22,6916.00,42
Roddy Speechley,USA,Fruit & Nut Bars,14-Jun-22,5509.00,24
Gunar Cockshoot,India,50% Dark Bites,9-Aug-22,12992.00,83
Wilone O'Kielt,New Zealand,Manuka Honey Choco,11-Jul-22,3724.00,234
Kaine Padly,UK,Manuka Honey Choco,14-Jan-22,7133.00,118
Van Tuxwell,Canada,Manuka Honey Choco,24-Feb-22,8617.00,46
Wilone O'Kielt,New Zealand,Almond Choco,15-Mar-22,9198.00,144
Oby Sorrel,New Zealand,Baker's Choco Chips,25-Apr-22,11823.00,47
Dennison Crosswaite,Australia,Organic Choco Syrup,10-May-22,5775.00,41
Marney O'Breen,Australia,Spicy Special Slims,23-Jun-22,13125.00,275
Beverie Moffet,Canada,Smooth Sliky Salty,28-Feb-22,14287.00,370
Brien Boise,USA,Organic Choco Syrup,25-May-22,16233.00,138
Roddy Speechley,New Zealand,Baker's Choco Chips,22-Feb-22,5313.00,215
Van Tuxwell,UK,85% Dark Bars,11-Jul-22,3577.00,134
Marney O'Breen,Canada,Spicy Special Slims,3-Jan-22,3528.00,336
Rafaelita Blaksland,New Zealand,70% Dark Bites,24-Aug-22,679.00,280
Beverie Moffet,USA,50% Dark Bites,28-Jul-22,2450.00,352
Brien Boise,USA,Mint Chip Choco,25-May-22,10577.00,150
Karlen McCaffrey,New Zealand,Eclairs,6-May-22,2597.00,177
Barr Faughny,India,Drinking Coco,28-Jan-22,2219.00,142
Marney O'Breen,UK,Orange Choco,6-Jun-22,11319.00,12
Brien Boise,New Zealand,Baker's Choco Chips,12-Jul-22,5978.00,24
Ches Bonnell,Canada,Spicy Special Slims,5-Aug-22,5327.00,183
Brien Boise,USA,Orange Choco,28-Jan-22,6020.00,147
Kaine Padly,India,Spicy Special Slims,31-Aug-22,5614.00,137
Mallorie Waber,USA,50% Dark Bites,19-Apr-22,1736.00,13
Mallorie Waber,UK,Mint Chip Choco,29-Jun-22,6384.00,2
Beverie Moffet,India,Choco Coated Almonds,24-Feb-22,3577.00,261
Madelene Upcott,UK,Smooth Sliky Salty,4-Mar-22,14539.00,84
Gigi Bohling,India,Eclairs,21-Jun-22,3493.00,68
Rafaelita Blaksland,Australia,Organic Choco Syrup,26-Jan-22,994.00,105
Oby Sorrel,New Zealand,White Choc,10-Jun-22,4361.00,40
Andria Kimpton,UK,Drinking Coco,23-May-22,1554.00,65
Kelci Walkden,India,Milk Bars,15-Apr-22,966.00,107
Karlen McCaffrey,New Zealand,Caramel Stuffed Bars,31-Jan-22,5334.00,227
Andria Kimpton,New Zealand,Organic Choco Syrup,4-Mar-22,4935.00,39
Barr Faughny,New Zealand,After Nines,19-Apr-22,10024.00,84
Beverie Moffet,UK,Almond Choco,16-May-22,2506.00,100
Oby Sorrel,Australia,Raspberry Choco,17-Feb-22,1043.00,120
Dennison Crosswaite,USA,Raspberry Choco,18-Jan-22,6524.00,257
Roddy Speechley,Canada,Orange Choco,9-Feb-22,8148.00,85
Mallorie Waber,Canada,Orange Choco,23-Mar-22,3577.00,178
Madelene Upcott,New Zealand,Caramel Stuffed Bars,1-Feb-22,3374.00,151
Mallorie Waber,India,Drinking Coco,7-Mar-22,3948.00,142
Ches Bonnell,UK,White Choc,3-Jan-22,3269.00,226
Ches Bonnell,USA,White Choc,11-Feb-22,5271.00,341
Dennison Crosswaite,New Zealand,Orange Choco,16-Mar-22,4571.00,140
Dotty Strutley,India,White Choc,15-Aug-22,12327.00,330
Gigi Bohling,India,Manuka Honey Choco,12-May-22,4935.00,73
Van Tuxwell,India,Spicy Special Slims,11-Apr-22,6167.00,4
Jan Morforth,New Zealand,Mint Chip Choco,30-Jun-22,18340.00,285
Dotty Strutley,New Zealand,White Choc,15-Jun-22,7014.00,60
Rafaelita Blaksland,Canada,Caramel Stuffed Bars,1-Aug-22,7119.00,101
Kaine Padly,USA,Milk Bars,15-Jun-22,15491.00,58
Brien Boise,India,After Nines,16-Jun-22,5747.00,45
Oby Sorrel,New Zealand,Raspberry Choco,13-May-22,4550.00,281
Dennison Crosswaite,USA,Drinking Coco,10-May-22,2191.00,138
Oby Sorrel,India,Eclairs,25-Aug-22,5663.00,322
Ches Bonnell,New Zealand,Organic Choco Syrup,15-Jul-22,7623.00,85
Gigi Bohling,UK,Baker's Choco Chips,16-May-22,9023.00,409
Jan Morforth,Australia,50% Dark Bites,14-Jun-22,3402.00,182
Beverie Moffet,Australia,Smooth Sliky Salty,25-Jan-22,10507.00,467
Ches Bonnell,USA,Organic Choco Syrup,28-Jul-22,7721.00,14
Brien Boise,Canada,Mint Chip Choco,28-Jan-22,5033.00,178
Kaine Padly,UK,Orange Choco,29-Jun-22,1960.00,191
Karlen McCaffrey,Australia,70% Dark Bites,24-Jun-22,238.00,317
Gunar Cockshoot,Canada,Mint Chip Choco,1-Jul-22,7756.00,410
Roddy Speechley,USA,Peanut Butter Cubes,25-Feb-22,1736.00,137
Curtice Advani,Canada,Smooth Sliky Salty,1-Aug-22,2660.00,12
Oby Sorrel,Australia,Milk Bars,21-Jun-22,7672.00,254
Camilla Castle,New Zealand,Spicy Special Slims,25-Jan-22,11564.00,24
Gigi Bohling,UK,Milk Bars,17-May-22,1365.00,232
Andria Kimpton,Australia,85% Dark Bars,23-Aug-22,4186.00,233
Camilla Castle,Australia,Smooth Sliky Salty,3-Mar-22,7406.00,118
Roddy Speechley,India,Caramel Stuffed Bars,30-May-22,8911.00,543
Karlen McCaffrey,USA,Drinking Coco,29-Jun-22,112.00,223
Andria Kimpton,Canada,Organic Choco Syrup,4-Jan-22,8204.00,204
Jehu Rudeforth,Australia,Drinking Coco,14-Jan-22,2611.00,65
Karlen McCaffrey,USA,Mint Chip Choco,15-Feb-22,15652.00,53
Curtice Advani,New Zealand,Spicy Special Slims,10-Jan-22,4074.00,469
Madelene Upcott,USA,White Choc,4-May-22,12250.00,213
Andria Kimpton,USA,Spicy Special Slims,23-May-22,2366.00,5
Barr Faughny,New Zealand,Fruit & Nut Bars,26-Apr-22,1687.00,147
Oby Sorrel,Canada,Organic Choco Syrup,5-Jul-22,1232.00,74
Madelene Upcott,UK,Organic Choco Syrup,21-Jul-22,6965.00,163
Dotty Strutley,USA,Mint Chip Choco,21-Feb-22,5292.00,248
Kelci Walkden,USA,Orange Choco,3-Feb-22,1379.00,138
Gigi Bohling,Australia,Caramel Stuffed Bars,8-Jul-22,8001.00,151
Mallorie Waber,India,50% Dark Bites,31-May-22,588.00,139
Van Tuxwell,New Zealand,Mint Chip Choco,27-Jun-22,4046.00,103
Van Tuxwell,India,50% Dark Bites,13-May-22,5103.00,129
Van Tuxwell,USA,Manuka Honey Choco,31-May-22,2317.00,102
Wilone O'Kielt,USA,Orange Choco,28-Feb-22,7042.00,37
Barr Faughny,New Zealand,Eclairs,28-Mar-22,6713.00,31
Gigi Bohling,USA,After Nines,14-Jan-22,1848.00,227
Barr Faughny,New Zealand,Mint Chip Choco,21-Feb-22,6440.00,145
Dennison Crosswaite,Canada,85% Dark Bars,1-Aug-22,10885.00,90
Beverie Moffet,New Zealand,Smooth Sliky Salty,19-May-22,2387.00,59
Husein Augar,USA,White Choc,13-Jul-22,2030.00,60
Andria Kimpton,Australia,Peanut Butter Cubes,20-Apr-22,6678.00,148
Dennison Crosswaite,India,85% Dark Bars,30-Jun-22,4515.00,22
Curtice Advani,UK,50% Dark Bites,8-Mar-22,3374.00,142
Gunar Cockshoot,USA,Fruit & Nut Bars,9-Mar-22,5852.00,93
Oby Sorrel,Canada,Raspberry Choco,16-Jun-22,1750.00,208
Gigi Bohling,UK,Drinking Coco,30-Jun-22,5782.00,42
Kelci Walkden,India,Mint Chip Choco,28-Jul-22,2870.00,120
Karlen McCaffrey,Canada,Peanut Butter Cubes,12-Aug-22,3094.00,159
Barr Faughny,UK,Mint Chip Choco,7-Jul-22,3724.00,316
Barr Faughny,USA,85% Dark Bars,25-Aug-22,12761.00,47
Husein Augar,Canada,Eclairs,17-Jan-22,3696.00,233
Jan Morforth,Australia,70% Dark Bites,4-Mar-22,5222.00,384
Marney O'Breen,New Zealand,Fruit & Nut Bars,25-Aug-22,8939.00,4
Ches Bonnell,UK,Peanut Butter Cubes,15-Apr-22,2156.00,260
Kaine Padly,USA,Organic Choco Syrup,11-Mar-22,2380.00,22
Camilla Castle,USA,Raspberry Choco,20-May-22,3339.00,18
Brien Boise,New Zealand,Manuka Honey Choco,14-Jun-22,14980.00,42
Jehu Rudeforth,New Zealand,After Nines,14-Apr-22,1512.00,73
Jehu Rudeforth,USA,Smooth Sliky Salty,7-Jul-22,6657.00,154
Madelene Upcott,India,Mint Chip Choco,24-Aug-22,3836.00,71
Jehu Rudeforth,India,Eclairs,24-Feb-22,8771.00,127
Karlen McCaffrey,Canada,Raspberry Choco,9-May-22,651.00,224
Kaine Padly,Australia,70% Dark Bites,8-Feb-22,6706.00,223
Roddy Speechley,UK,70% Dark Bites,24-Mar-22,1421.00,284
Rafaelita Blaksland,USA,Drinking Coco,20-Jun-22,8526.00,73
Mallorie Waber,Canada,Manuka Honey Choco,7-Mar-22,1435.00,112
Kaine Padly,Australia,Fruit & Nut Bars,20-Jun-22,7434.00,85
Oby Sorrel,New Zealand,Organic Choco Syrup,17-Feb-22,15316.00,270
Madelene Upcott,UK,99% Dark & Pure,26-Jan-22,10479.00,45
Madelene Upcott,Australia,Mint Chip Choco,2-May-22,2751.00,153
Curtice Advani,Canada,99% Dark & Pure,7-Jul-22,12586.00,7
Rafaelita Blaksland,Australia,Baker's Choco Chips,22-Aug-22,2786.00,51
Karlen McCaffrey,Australia,After Nines,11-Aug-22,2303.00,67
Marney O'Breen,UK,99% Dark & Pure,13-Jan-22,8113.00,194
Gunar Cockshoot,Australia,50% Dark Bites,2-Mar-22,12271.00,116
Marney O'Breen,Australia,Choco Coated Almonds,27-Jul-22,11298.00,41
Kelci Walkden,New Zealand,Drinking Coco,10-Mar-22,15855.00,111
Beverie Moffet,USA,85% Dark Bars,23-Aug-22,12404.00,334
Roddy Speechley,USA,Eclairs,25-Apr-22,3990.00,155
Dennison Crosswaite,UK,Milk Bars,7-Mar-22,10808.00,407
Wilone O'Kielt,UK,Organic Choco Syrup,12-Jul-22,4858.00,52
Madelene Upcott,USA,Orange Choco,16-May-22,7742.00,138
Gunar Cockshoot,India,Smooth Sliky Salty,2-Mar-22,3752.00,70
Marney O'Breen,New Zealand,85% Dark Bars,30-May-22,1218.00,149
Marney O'Breen,UK,Manuka Honey Choco,10-Jun-22,10983.00,179
Brien Boise,USA,99% Dark & Pure,25-Jul-22,6769.00,353
Beverie Moffet,New Zealand,Mint Chip Choco,9-Jun-22,4361.00,97
Dennison Crosswaite,USA,Milk Bars,12-May-22,777.00,60
Gunar Cockshoot,USA,Drinking Coco,9-May-22,3843.00,5
Brien Boise,Canada,Manuka Honey Choco,9-Aug-22,6930.00,182
Van Tuxwell,India,Choco Coated Almonds,13-Apr-22,5733.00,114
Andria Kimpton,USA,Caramel Stuffed Bars,2-May-22,8393.00,46
Dotty Strutley,USA,99% Dark & Pure,9-Aug-22,3822.00,320
Camilla Castle,Australia,Raspberry Choco,23-Aug-22,6342.00,178
Gunar Cockshoot,India,Spicy Special Slims,13-May-22,6510.00,170
Karlen McCaffrey,USA,Manuka Honey Choco,1-Feb-22,10171.00,67
Camilla Castle,USA,50% Dark Bites,23-Jun-22,5908.00,301
Madelene Upcott,UK,Choco Coated Almonds,24-May-22,10164.00,134
Jan Morforth,Canada,Mint Chip Choco,1-Apr-22,1064.00,211
Camilla Castle,Canada,70% Dark Bites,27-Jul-22,9716.00,151
Ches Bonnell,India,Peanut Butter Cubes,27-Jan-22,22050.00,208
Jan Morforth,India,Choco Coated Almonds,12-Aug-22,2541.00,134
Gigi Bohling,Canada,Almond Choco,1-Feb-22,9989.00,49
Rafaelita Blaksland,India,After Nines,2-Mar-22,4739.00,204
Kelci Walkden,Australia,99% Dark & Pure,30-Jun-22,3185.00,34
Dotty Strutley,Australia,Spicy Special Slims,17-Jan-22,8225.00,91
Brien Boise,USA,Milk Bars,7-Jul-22,14301.00,130
Mallorie Waber,New Zealand,Mint Chip Choco,31-Jan-22,1316.00,107
Beverie Moffet,UK,99% Dark & Pure,10-Aug-22,3486.00,121
Beverie Moffet,USA,Peanut Butter Cubes,18-Aug-22,13930.00,339
Brien Boise,New Zealand,White Choc,15-Jun-22,5509.00,321
Marney O'Breen,USA,Baker's Choco Chips,26-Jan-22,8470.00,9
Kelci Walkden,USA,Spicy Special Slims,29-Apr-22,77.00,69
Mallorie Waber,Canada,White Choc,3-Mar-22,3381.00,72
Kaine Padly,Australia,Almond Choco,22-Feb-22,4102.00,392
Oby Sorrel,USA,Smooth Sliky Salty,4-Mar-22,3577.00,158
Dennison Crosswaite,India,Smooth Sliky Salty,7-Jul-22,2975.00,9
Camilla Castle,New Zealand,Caramel Stuffed Bars,17-Jun-22,4137.00,347
Jan Morforth,Canada,Caramel Stuffed Bars,2-Aug-22,9541.00,114
Oby Sorrel,USA,Baker's Choco Chips,12-Aug-22,8001.00,120
Madelene Upcott,New Zealand,Peanut Butter Cubes,28-Jan-22,5152.00,333
Kelci Walkden,Australia,Orange Choco,29-Apr-22,11116.00,432
Marney O'Breen,Australia,Manuka Honey Choco,5-Apr-22,13076.00,236
Kaine Padly,Canada,Manuka Honey Choco,18-Jan-22,10213.00,135
Jehu Rudeforth,UK,Baker's Choco Chips,16-May-22,2485.00,97
Kelci Walkden,Australia,White Choc,24-Aug-22,8715.00,168
Curtice Advani,India,85% Dark Bars,18-Jan-22,273.00,402
Kaine Padly,USA,Eclairs,22-Aug-22,7623.00,10
Gunar Cockshoot,UK,99% Dark & Pure,7-Mar-22,7.00,84
Beverie Moffet,UK,Choco Coated Almonds,4-Mar-22,3010.00,69
Dotty Strutley,Canada,Manuka Honey Choco,22-Apr-22,11550.00,111
Kaine Padly,Australia,Milk Bars,9-Jun-22,4046.00,89
Jan Morforth,Canada,Fruit & Nut Bars,25-Jul-22,8904.00,199
Jan Morforth,India,Smooth Sliky Salty,3-Aug-22,11298.00,89
Rafaelita Blaksland,Australia,Manuka Honey Choco,3-Aug-22,4396.00,131
Jehu Rudeforth,UK,Milk Bars,3-May-22,12068.00,227
Husein Augar,Canada,After Nines,19-Jan-22,9772.00,301
Roddy Speechley,USA,50% Dark Bites,11-Feb-22,10458.00,316
Van Tuxwell,India,Almond Choco,14-Jun-22,6426.00,390
Kelci Walkden,USA,50% Dark Bites,23-Mar-22,6188.00,223
Madelene Upcott,Canada,85% Dark Bars,17-Feb-22,7504.00,101
Dennison Crosswaite,Canada,Smooth Sliky Salty,17-Mar-22,1750.00,479
Mallorie Waber,Australia,Spicy Special Slims,29-Jun-22,5439.00,287
Ches Bonnell,Canada,Choco Coated Almonds,24-Aug-22,15547.00,269
Gigi Bohling,Canada,Spicy Special Slims,4-Jul-22,11956.00,277
Roddy Speechley,New Zealand,Almond Choco,28-Mar-22,2723.00,67
Curtice Advani,India,Smooth Sliky Salty,19-Apr-22,19327.00,135
Ches Bonnell,New Zealand,Mint Chip Choco,18-Jan-22,9058.00,229
Van Tuxwell,New Zealand,Fruit & Nut Bars,17-Jan-22,2996.00,88
Andria Kimpton,New Zealand,Mint Chip Choco,15-Feb-22,8848.00,211
Andria Kimpton,UK,Milk Bars,11-Feb-22,14336.00,293
Camilla Castle,USA,Manuka Honey Choco,21-Mar-22,16401.00,179
Gunar Cockshoot,New Zealand,Almond Choco,5-Jan-22,5173.00,129
Brien Boise,India,Raspberry Choco,30-May-22,6328.00,164
Jehu Rudeforth,USA,99% Dark & Pure,4-Jan-22,2534.00,219
Beverie Moffet,Australia,Fruit & Nut Bars,22-Apr-22,1435.00,258
Gigi Bohling,Canada,Milk Bars,10-Feb-22,3052.00,116
Dotty Strutley,India,Spicy Special Slims,12-Aug-22,910.00,204
Gunar Cockshoot,USA,Organic Choco Syrup,10-Aug-22,2331.00,321
Kelci Walkden,Australia,Raspberry Choco,7-Jun-22,679.00,56
Jehu Rudeforth,India,Baker's Choco Chips,6-Jun-22,2086.00,74
Karlen McCaffrey,New Zealand,Baker's Choco Chips,5-Apr-22,5012.00,189
Wilone O'Kielt,USA,50% Dark Bites,18-Apr-22,4501.00,131
Andria Kimpton,India,50% Dark Bites,31-Jan-22,13482.00,15
Madelene Upcott,USA,Baker's Choco Chips,22-Aug-22,5621.00,140
Jehu Rudeforth,Australia,99% Dark & Pure,25-Feb-22,10486.00,198
Jan Morforth,Australia,Mint Chip Choco,22-Feb-22,17626.00,103
Oby Sorrel,New Zealand,Milk Bars,12-Jan-22,4494.00,187
Brien Boise,UK,Almond Choco,25-May-22,105.00,125
Kelci Walkden,India,Smooth Sliky Salty,1-Feb-22,2464.00,8
Rafaelita Blaksland,UK,Eclairs,27-Apr-22,1379.00,70
Gigi Bohling,USA,Smooth Sliky Salty,22-Jul-22,2583.00,126
Curtice Advani,New Zealand,Mint Chip Choco,26-Jan-22,3220.00,265
Curtice Advani,USA,Mint Chip Choco,24-Aug-22,4802.00,296
Madelene Upcott,New Zealand,Fruit & Nut Bars,18-Jan-22,5677.00,21
Karlen McCaffrey,India,85% Dark Bars,30-Mar-22,945.00,83
Ches Bonnell,Australia,Caramel Stuffed Bars,17-Jan-22,8757.00,162
Kelci Walkden,USA,Fruit & Nut Bars,17-Feb-22,4816.00,145
Kelci Walkden,Canada,Peanut Butter Cubes,8-Apr-22,7532.00,44
Gigi Bohling,Canada,Drinking Coco,6-Jul-22,3549.00,82
Husein Augar,India,Fruit & Nut Bars,4-Apr-22,4340.00,226
Jan Morforth,New Zealand,Organic Choco Syrup,2-Mar-22,1799.00,207
Gigi Bohling,New Zealand,Raspberry Choco,9-Aug-22,1127.00,176
Dennison Crosswaite,Australia,Milk Bars,9-Jun-22,10038.00,286
Ches Bonnell,UK,Caramel Stuffed Bars,2-Jun-22,2926.00,300
Van Tuxwell,USA,Fruit & Nut Bars,5-Jul-22,6279.00,235
Andria Kimpton,Canada,Eclairs,11-Aug-22,308.00,125
Madelene Upcott,India,Choco Coated Almonds,11-Feb-22,3500.00,145
Kelci Walkden,New Zealand,Spicy Special Slims,11-Aug-22,658.00,65
Roddy Speechley,Australia,Drinking Coco,12-May-22,12565.00,102
Wilone O'Kielt,USA,Milk Bars,15-Jul-22,5012.00,93
Andria Kimpton,India,Organic Choco Syrup,18-Jan-22,3955.00,134
Madelene Upcott,UK,Fruit & Nut Bars,5-Jan-22,8512.00,189
Curtice Advani,Australia,50% Dark Bites,29-Jun-22,504.00,232
Brien Boise,Canada,Raspberry Choco,14-Jun-22,2800.00,45
Gunar Cockshoot,India,Mint Chip Choco,8-Aug-22,4256.00,67
Dennison Crosswaite,India,Mint Chip Choco,23-Mar-22,13573.00,138
Barr Faughny,India,Caramel Stuffed Bars,4-Jan-22,6566.00,99
Brien Boise,India,Milk Bars,22-Feb-22,13503.00,251
Beverie Moffet,UK,Spicy Special Slims,17-Feb-22,8680.00,252
Barr Faughny,USA,Almond Choco,3-Feb-22,385.00,78
Van Tuxwell,Canada,Raspberry Choco,17-Mar-22,1267.00,130
Wilone O'Kielt,Australia,Baker's Choco Chips,25-Jan-22,2961.00,154
Brien Boise,Australia,Milk Bars,27-Jul-22,1981.00,52
Husein Augar,Australia,Fruit & Nut Bars,28-Jan-22,7959.00,53
Madelene Upcott,Australia,Organic Choco Syrup,5-Jul-22,10794.00,50
Van Tuxwell,India,White Choc,15-Mar-22,1897.00,44
Gunar Cockshoot,Canada,After Nines,4-Aug-22,2744.00,200
Jan Morforth,USA,Fruit & Nut Bars,27-Jun-22,4382.00,361
Jan Morforth,Canada,After Nines,13-Jul-22,4515.00,172
Barr Faughny,New Zealand,Manuka Honey Choco,24-Feb-22,5474.00,239
Karlen McCaffrey,New Zealand,85% Dark Bars,28-Jun-22,6069.00,55
Oby Sorrel,Australia,85% Dark Bars,30-Jun-22,6944.00,27
Curtice Advani,Canada,Choco Coated Almonds,18-Aug-22,5859.00,7
Kaine Padly,India,70% Dark Bites,24-Jan-22,12173.00,301
Beverie Moffet,USA,White Choc,11-Mar-22,5292.00,134
Ches Bonnell,New Zealand,After Nines,23-Jun-22,5705.00,350
Husein Augar,India,Spicy Special Slims,22-Aug-22,2492.00,33
Gunar Cockshoot,Canada,50% Dark Bites,4-Jan-22,3024.00,23
Curtice Advani,India,Milk Bars,5-Apr-22,3437.00,201
Beverie Moffet,India,Milk Bars,15-Apr-22,1869.00,323
Husein Augar,Australia,White Choc,11-May-22,3171.00,220
Andria Kimpton,Canada,Manuka Honey Choco,21-Jul-22,4858.00,488
Jan Morforth,New Zealand,Orange Choco,11-Feb-22,1225.00,84
Andria Kimpton,Canada,Smooth Sliky Salty,8-Jul-22,1155.00,79
Gunar Cockshoot,UK,Raspberry Choco,11-Aug-22,6811.00,344
Husein Augar,New Zealand,After Nines,4-Aug-22,6433.00,7
Andria Kimpton,New Zealand,Orange Choco,14-Jun-22,8169.00,88
Dennison Crosswaite,UK,Baker's Choco Chips,17-Jan-22,2275.00,275
Jehu Rudeforth,Canada,Orange Choco,23-Jun-22,3857.00,512
Jehu Rudeforth,UK,Smooth Sliky Salty,24-Aug-22,1463.00,113
Andria Kimpton,UK,Caramel Stuffed Bars,7-Jun-22,7924.00,275
Jan Morforth,UK,White Choc,22-Jun-22,8799.00,47
Dotty Strutley,USA,Fruit & Nut Bars,13-Jul-22,2898.00,276
Kelci Walkden,UK,Choco Coated Almonds,24-May-22,9506.00,212
Gunar Cockshoot,New Zealand,After Nines,9-Aug-22,7175.00,145
Kaine Padly,Canada,85% Dark Bars,6-Apr-22,1729.00,31
Jan Morforth,New Zealand,Manuka Honey Choco,28-Jul-22,1589.00,271
Gunar Cockshoot,New Zealand,Raspberry Choco,24-Aug-22,630.00,52
Van Tuxwell,Australia,99% Dark & Pure,17-Jan-22,112.00,128
Curtice Advani,USA,Drinking Coco,7-Feb-22,5187.00,142
Brien Boise,Australia,Spicy Special Slims,9-May-22,6223.00,256
Mallorie Waber,New Zealand,85% Dark Bars,6-Jun-22,7714.00,106
Wilone O'Kielt,USA,Choco Coated Almonds,6-Jun-22,9457.00,6
Beverie Moffet,New Zealand,Organic Choco Syrup,24-May-22,6678.00,226
Gunar Cockshoot,UK,50% Dark Bites,13-Jan-22,2107.00,121
Marney O'Breen,USA,Raspberry Choco,23-May-22,6069.00,151
Jehu Rudeforth,UK,White Choc,29-Jun-22,1862.00,284
Jehu Rudeforth,New Zealand,85% Dark Bars,11-Mar-22,6972.00,89
Dotty Strutley,USA,85% Dark Bars,25-Apr-22,10220.00,508
Rafaelita Blaksland,Australia,Smooth Sliky Salty,30-May-22,3969.00,243
Curtice Advani,India,Manuka Honey Choco,23-May-22,1547.00,170
Mallorie Waber,USA,Peanut Butter Cubes,23-May-22,1162.00,18
Van Tuxwell,Canada,Peanut Butter Cubes,24-Jun-22,6342.00,282
Kelci Walkden,New Zealand,Smooth Sliky Salty,11-Mar-22,10633.00,277
Rafaelita Blaksland,USA,Smooth Sliky Salty,27-Jul-22,15057.00,212
Rafaelita Blaksland,USA,White Choc,16-Aug-22,4704.00,126
Roddy Speechley,Canada,Smooth Sliky Salty,7-Mar-22,9338.00,11
Curtice Advani,New Zealand,After Nines,5-Apr-22,7959.00,30
Camilla Castle,India,85% Dark Bars,4-May-22,9023.00,51
Ches Bonnell,USA,Choco Coated Almonds,4-Jan-22,14525.00,92
Marney O'Breen,Australia,Baker's Choco Chips,13-Jan-22,5810.00,101
Wilone O'Kielt,New Zealand,Fruit & Nut Bars,11-Jul-22,6426.00,98
Kaine Padly,Australia,Mint Chip Choco,17-May-22,4403.00,159
Camilla Castle,New Zealand,Peanut Butter Cubes,21-Jul-22,1582.00,62
Curtice Advani,Canada,Organic Choco Syrup,22-Feb-22,791.00,22
Jan Morforth,India,99% Dark & Pure,23-May-22,9100.00,187
Rafaelita Blaksland,Canada,Drinking Coco,12-Jul-22,9884.00,200
Jan Morforth,UK,Orange Choco,15-Jun-22,3780.00,201
Barr Faughny,New Zealand,50% Dark Bites,23-Jun-22,4557.00,308
Curtice Advani,Australia,Eclairs,25-Mar-22,5796.00,55
Jan Morforth,India,Caramel Stuffed Bars,4-Jul-22,84.00,153
Andria Kimpton,UK,White Choc,12-May-22,9037.00,101
Camilla Castle,New Zealand,Raspberry Choco,4-Apr-22,4746.00,137
Madelene Upcott,Australia,Orange Choco,15-Apr-22,6713.00,398
Roddy Speechley,Canada,Eclairs,8-Mar-22,6237.00,88
Karlen McCaffrey,India,White Choc,17-Jan-22,7483.00,232
Wilone O'Kielt,India,Mint Chip Choco,22-Aug-22,1309.00,51
Andria Kimpton,UK,99% Dark & Pure,25-Jul-22,1155.00,66
Marney O'Breen,UK,50% Dark Bites,14-Jun-22,2989.00,124
Ches Bonnell,India,Choco Coated Almonds,5-Apr-22,9625.00,78
Madelene Upcott,UK,Raspberry Choco,26-Aug-22,7357.00,341
Wilone O'Kielt,Australia,50% Dark Bites,3-Aug-22,10031.00,114
Gigi Bohling,Canada,White Choc,11-Jul-22,6587.00,4
Wilone O'Kielt,New Zealand,Eclairs,11-Mar-22,3311.00,22
Brien Boise,UK,Peanut Butter Cubes,10-Jan-22,15330.00,30
Roddy Speechley,UK,Baker's Choco Chips,4-Apr-22,14028.00,351
Karlen McCaffrey,Australia,50% Dark Bites,17-Jan-22,6678.00,708
Marney O'Breen,New Zealand,Organic Choco Syrup,8-Jul-22,8624.00,50
Jan Morforth,UK,Organic Choco Syrup,12-Apr-22,1197.00,356
Rafaelita Blaksland,Canada,Fruit & Nut Bars,24-Aug-22,483.00,185
Ches Bonnell,UK,Choco Coated Almonds,7-Jun-22,1687.00,236
Gunar Cockshoot,Canada,Almond Choco,28-Jul-22,1309.00,30
Husein Augar,USA,99% Dark & Pure,21-Feb-22,9534.00,111
Dennison Crosswaite,Canada,Mint Chip Choco,8-Apr-22,1694.00,289
Brien Boise,UK,Manuka Honey Choco,28-Jun-22,70.00,103
Van Tuxwell,UK,Baker's Choco Chips,24-Mar-22,2443.00,20
Barr Faughny,Australia,Caramel Stuffed Bars,29-Jul-22,2933.00,55
Dennison Crosswaite,USA,Eclairs,25-May-22,2044.00,90
Gigi Bohling,Australia,Raspberry Choco,30-Mar-22,6524.00,303
Dennison Crosswaite,USA,Organic Choco Syrup,18-Jul-22,12656.00,126
Beverie Moffet,Canada,Orange Choco,10-May-22,8722.00,109
Mallorie Waber,Australia,Choco Coated Almonds,18-Mar-22,15750.00,92
Ches Bonnell,India,Caramel Stuffed Bars,15-Jun-22,6839.00,56
Van Tuxwell,Canada,50% Dark Bites,12-May-22,13685.00,58
Kelci Walkden,New Zealand,Baker's Choco Chips,23-Jun-22,2912.00,110
Beverie Moffet,India,Spicy Special Slims,21-Apr-22,3339.00,171
Gigi Bohling,Australia,Almond Choco,17-Aug-22,910.00,117
Rafaelita Blaksland,New Zealand,Eclairs,7-Feb-22,19481.00,51
Kelci Walkden,Canada,Smooth Sliky Salty,17-Mar-22,8099.00,118
Jan Morforth,India,Baker's Choco Chips,1-Aug-22,13727.00,79
Jehu Rudeforth,Australia,Milk Bars,18-Mar-22,8659.00,29
Gigi Bohling,Canada,Fruit & Nut Bars,14-Jun-22,5782.00,103
Beverie Moffet,UK,Eclairs,22-Apr-22,8463.00,155
Marney O'Breen,New Zealand,Eclairs,18-Jan-22,4914.00,31
Husein Augar,Australia,99% Dark & Pure,26-Aug-22,3087.00,128
Gunar Cockshoot,New Zealand,Fruit & Nut Bars,10-Jun-22,9205.00,419
Curtice Advani,Canada,70% Dark Bites,31-Jan-22,2303.00,7
Kelci Walkden,New Zealand,Manuka Honey Choco,8-Apr-22,1358.00,106
Dotty Strutley,Australia,Baker's Choco Chips,7-Jun-22,3605.00,68
Barr Faughny,Australia,85% Dark Bars,10-Feb-22,8498.00,44
Beverie Moffet,Australia,50% Dark Bites,16-May-22,700.00,457
Gunar Cockshoot,India,Baker's Choco Chips,18-Mar-22,2191.00,524
Van Tuxwell,Australia,50% Dark Bites,13-Jul-22,644.00,137
Oby Sorrel,USA,Manuka Honey Choco,25-Jul-22,4340.00,86
Van Tuxwell,Canada,Choco Coated Almonds,19-Aug-22,2282.00,296
Karlen McCaffrey,Canada,70% Dark Bites,24-Jun-22,7714.00,597
Kelci Walkden,Canada,Fruit & Nut Bars,20-Jun-22,826.00,149
Camilla Castle,India,99% Dark & Pure,2-Aug-22,203.00,207
Madelene Upcott,New Zealand,70% Dark Bites,22-Feb-22,13356.00,93
Mallorie Waber,New Zealand,Orange Choco,1-Feb-22,6510.00,23
Jan Morforth,Canada,70% Dark Bites,14-Feb-22,5894.00,305
Kelci Walkden,Australia,Milk Bars,24-Feb-22,7910.00,125
Dennison Crosswaite,India,Orange Choco,18-Mar-22,784.00,129
Husein Augar,UK,Eclairs,30-Aug-22,1750.00,252
Gigi Bohling,USA,Peanut Butter Cubes,9-May-22,280.00,75
Wilone O'Kielt,USA,Smooth Sliky Salty,18-Jan-22,504.00,87
Curtice Advani,India,White Choc,4-Jul-22,7154.00,342
Oby Sorrel,New Zealand,Spicy Special Slims,3-Jun-22,1617.00,13
Beverie Moffet,New Zealand,Peanut Butter Cubes,23-Feb-22,10822.00,30
Dotty Strutley,New Zealand,99% Dark & Pure,9-May-22,10724.00,203
Kelci Walkden,India,70% Dark Bites,6-Jun-22,3640.00,106
Kelci Walkden,India,Drinking Coco,4-Jul-22,7532.00,234
Brien Boise,New Zealand,Drinking Coco,6-Jun-22,1582.00,100
Dotty Strutley,Australia,Almond Choco,13-May-22,1456.00,91
Wilone O'Kielt,New Zealand,Organic Choco Syrup,31-Jan-22,2016.00,277
Ches Bonnell,New Zealand,Caramel Stuffed Bars,30-Jun-22,7588.00,42
Barr Faughny,Canada,Manuka Honey Choco,25-Aug-22,3402.00,249
Gigi Bohling,New Zealand,Smooth Sliky Salty,10-Jan-22,700.00,97
Brien Boise,USA,Manuka Honey Choco,22-Aug-22,1904.00,8
Roddy Speechley,New Zealand,85% Dark Bars,14-Apr-22,4844.00,275
Oby Sorrel,UK,Smooth Sliky Salty,31-May-22,9625.00,313
Oby Sorrel,UK,Raspberry Choco,8-Apr-22,4599.00,323
Roddy Speechley,USA,Drinking Coco,21-Feb-22,3003.00,155
Andria Kimpton,Australia,Manuka Honey Choco,30-Mar-22,9744.00,377
Mallorie Waber,India,Raspberry Choco,2-Mar-22,1400.00,2
Jehu Rudeforth,USA,Orange Choco,28-Jul-22,364.00,170
Kaine Padly,New Zealand,70% Dark Bites,24-Mar-22,7231.00,38
Curtice Advani,Australia,After Nines,11-Aug-22,63.00,105
Husein Augar,UK,Almond Choco,17-May-22,8309.00,166
Kaine Padly,Canada,Choco Coated Almonds,18-May-22,3164.00,164
Roddy Speechley,UK,Peanut Butter Cubes,17-Aug-22,5691.00,171
Ches Bonnell,New Zealand,Eclairs,4-Apr-22,490.00,49
Brien Boise,India,85% Dark Bars,9-Aug-22,18032.00,205
Brien Boise,New Zealand,Organic Choco Syrup,17-Jan-22,637.00,313
Andria Kimpton,Canada,White Choc,14-Feb-22,4067.00,29
Gigi Bohling,New Zealand,Orange Choco,16-May-22,8204.00,307
Ches Bonnell,Canada,Smooth Sliky Salty,16-Mar-22,9870.00,121
Husein Augar,Canada,70% Dark Bites,31-Jan-22,5131.00,285
Barr Faughny,Canada,Organic Choco Syrup,10-Mar-22,1141.00,205
Oby Sorrel,UK,Organic Choco Syrup,30-Jun-22,7980.00,157
Van Tuxwell,New Zealand,Eclairs,1-Mar-22,5229.00,182
Mallorie Waber,UK,Drinking Coco,27-May-22,3423.00,100
Oby Sorrel,UK,Milk Bars,11-Jul-22,6468.00,223
Karlen McCaffrey,New Zealand,Mint Chip Choco,2-Mar-22,4326.00,61
Jehu Rudeforth,USA,Raspberry Choco,4-Mar-22,7154.00,133
Kelci Walkden,UK,85% Dark Bars,23-Jun-22,3997.00,228
Kelci Walkden,USA,Almond Choco,27-Jan-22,5180.00,233
Marney O'Breen,Canada,Orange Choco,14-Jan-22,2723.00,425
Dennison Crosswaite,India,Fruit & Nut Bars,29-Jul-22,952.00,24
Brien Boise,Canada,Smooth Sliky Salty,13-May-22,5691.00,495
Barr Faughny,Canada,Baker's Choco Chips,3-Feb-22,10969.00,170
Brien Boise,India,Smooth Sliky Salty,27-May-22,5964.00,26
Jan Morforth,Australia,Drinking Coco,18-Feb-22,2821.00,24
Brien Boise,India,Spicy Special Slims,28-Jan-22,1302.00,33
Van Tuxwell,UK,Eclairs,29-Jun-22,5474.00,109
Wilone O'Kielt,India,Caramel Stuffed Bars,13-Jan-22,4179.00,276
Jehu Rudeforth,UK,After Nines,27-Jun-22,1946.00,164
Barr Faughny,Canada,White Choc,29-Mar-22,4291.00,1
Gunar Cockshoot,India,Organic Choco Syrup,3-Jun-22,7196.00,160
Mallorie Waber,Canada,Smooth Sliky Salty,21-Mar-22,1939.00,98
Mallorie Waber,India,Eclairs,12-Apr-22,10437.00,46
Rafaelita Blaksland,Australia,Raspberry Choco,19-Jan-22,6916.00,259
Karlen McCaffrey,UK,50% Dark Bites,6-Apr-22,3647.00,310
Kaine Padly,Australia,50% Dark Bites,2-Aug-22,8995.00,78
Gigi Bohling,Australia,Eclairs,12-Apr-22,7252.00,136
Oby Sorrel,India,Drinking Coco,21-Jul-22,16380.00,130
Van Tuxwell,New Zealand,Baker's Choco Chips,22-Mar-22,9660.00,24
Husein Augar,India,Peanut Butter Cubes,9-May-22,4522.00,5
Andria Kimpton,Australia,Baker's Choco Chips,9-Aug-22,329.00,109
Madelene Upcott,Canada,Choco Coated Almonds,20-Jul-22,3458.00,294
Brien Boise,India,70% Dark Bites,14-Apr-22,4641.00,413
Jehu Rudeforth,Canada,White Choc,25-Jan-22,4627.00,136
Andria Kimpton,Australia,Almond Choco,25-Apr-22,3192.00,175
Dotty Strutley,Canada,After Nines,17-Jan-22,252.00,237
Karlen McCaffrey,USA,Eclairs,15-Aug-22,868.00,125
Karlen McCaffrey,Canada,Fruit & Nut Bars,2-Jun-22,210.00,16
Gunar Cockshoot,USA,85% Dark Bars,30-Jun-22,7007.00,135
Dotty Strutley,New Zealand,Raspberry Choco,10-Feb-22,5845.00,91
Marney O'Breen,Canada,Caramel Stuffed Bars,23-Feb-22,1372.00,614
Dennison Crosswaite,India,Organic Choco Syrup,27-Jan-22,8428.00,216
Camilla Castle,UK,Mint Chip Choco,26-May-22,4977.00,317
Brien Boise,USA,70% Dark Bites,14-Apr-22,1694.00,21
Madelene Upcott,Australia,99% Dark & Pure,1-Aug-22,4326.00,154
Mallorie Waber,Australia,Eclairs,22-Aug-22,9527.00,222
Marney O'Breen,India,99% Dark & Pure,22-Jul-22,10766.00,157
Husein Augar,USA,Fruit & Nut Bars,28-Apr-22,1288.00,27
Kelci Walkden,Australia,Almond Choco,30-May-22,4879.00,350
Ches Bonnell,USA,Milk Bars,21-Jul-22,2408.00,157
Jan Morforth,UK,Caramel Stuffed Bars,2-Aug-22,3094.00,468
Brien Boise,New Zealand,70% Dark Bites,15-Jun-22,7231.00,130
Oby Sorrel,India,85% Dark Bars,5-Jul-22,8981.00,130
Kaine Padly,New Zealand,Smooth Sliky Salty,12-Apr-22,7.00,518
Gigi Bohling,Australia,70% Dark Bites,18-Aug-22,1372.00,105
Jan Morforth,UK,50% Dark Bites,12-Jan-22,5250.00,293
Gunar Cockshoot,Canada,White Choc,11-Aug-22,7560.00,15
Jehu Rudeforth,Australia,Spicy Special Slims,13-Jan-22,5012.00,384
Husein Augar,UK,Baker's Choco Chips,29-Apr-22,3038.00,135
Rafaelita Blaksland,New Zealand,After Nines,7-Jul-22,1099.00,92
Madelene Upcott,New Zealand,Mint Chip Choco,11-Mar-22,7413.00,4
Madelene Upcott,UK,70% Dark Bites,16-Feb-22,5397.00,239
Barr Faughny,Australia,Organic Choco Syrup,7-Jan-22,2303.00,33
Beverie Moffet,New Zealand,Drinking Coco,12-Jan-22,1141.00,518
Beverie Moffet,India,Eclairs,9-Jun-22,10325.00,147
Andria Kimpton,India,Eclairs,16-May-22,2149.00,84
Gigi Bohling,UK,85% Dark Bars,23-Jun-22,12362.00,94
Roddy Speechley,UK,Raspberry Choco,28-Jan-22,12635.00,194
Dotty Strutley,UK,Mint Chip Choco,14-Jul-22,2443.00,216
Barr Faughny,Canada,Drinking Coco,18-Apr-22,6237.00,247
Oby Sorrel,USA,Milk Bars,14-Jun-22,1736.00,79
Oby Sorrel,UK,Orange Choco,15-Apr-22,7315.00,237
Curtice Advani,Canada,Peanut Butter Cubes,19-May-22,4935.00,63
Gigi Bohling,India,White Choc,13-Apr-22,1393.00,172
Husein Augar,Canada,Choco Coated Almonds,15-Aug-22,3381.00,408
Wilone O'Kielt,India,Choco Coated Almonds,22-Aug-22,2933.00,233
Wilone O'Kielt,New Zealand,Baker's Choco Chips,22-Apr-22,3836.00,59
Kaine Padly,UK,Choco Coated Almonds,3-Aug-22,8022.00,123
Dennison Crosswaite,New Zealand,Organic Choco Syrup,4-Jan-22,371.00,229
Kelci Walkden,Canada,After Nines,13-Jan-22,16702.00,198
Van Tuxwell,Australia,Baker's Choco Chips,11-May-22,13258.00,32
Husein Augar,New Zealand,Peanut Butter Cubes,16-Feb-22,2058.00,236
Kaine Padly,UK,Caramel Stuffed Bars,20-May-22,10192.00,67
Jehu Rudeforth,UK,Drinking Coco,3-Feb-22,7140.00,438
Beverie Moffet,India,Manuka Honey Choco,6-May-22,9835.00,167
Gunar Cockshoot,UK,Choco Coated Almonds,30-Jun-22,5775.00,135
Gunar Cockshoot,UK,Smooth Sliky Salty,22-Mar-22,749.00,148
Camilla Castle,Canada,Orange Choco,17-Feb-22,7770.00,54
Jehu Rudeforth,UK,85% Dark Bars,7-Jul-22,5502.00,64
Oby Sorrel,UK,70% Dark Bites,16-Mar-22,6223.00,181
Kelci Walkden,UK,99% Dark & Pure,12-Aug-22,3507.00,114
Gigi Bohling,New Zealand,After Nines,21-Jan-22,5600.00,181
Oby Sorrel,Australia,50% Dark Bites,6-May-22,721.00,151
Oby Sorrel,Canada,50% Dark Bites,24-Jun-22,6615.00,137
Barr Faughny,USA,White Choc,5-May-22,7420.00,163
Rafaelita Blaksland,New Zealand,99% Dark & Pure,25-Mar-22,3164.00,84
Curtice Advani,Australia,Caramel Stuffed Bars,14-Feb-22,9114.00,140
Curtice Advani,New Zealand,85% Dark Bars,12-May-22,5404.00,187
Barr Faughny,New Zealand,Smooth Sliky Salty,25-Jan-22,3990.00,169
Ches Bonnell,UK,85% Dark Bars,28-Jun-22,14924.00,12
Dennison Crosswaite,Australia,Drinking Coco,13-Jul-22,7091.00,194
Roddy Speechley,USA,Milk Bars,16-May-22,2807.00,252
Jan Morforth,India,After Nines,14-Mar-22,6496.00,168
Gunar Cockshoot,USA,After Nines,15-Aug-22,3738.00,261
Ches Bonnell,India,Orange Choco,16-Feb-22,1190.00,256
Mallorie Waber,UK,Manuka Honey Choco,15-Jun-22,8379.00,43
Barr Faughny,Australia,Raspberry Choco,27-May-22,9268.00,100
Wilone O'Kielt,USA,Drinking Coco,14-Jun-22,1029.00,98
Wilone O'Kielt,India,Eclairs,25-Feb-22,3549.00,76
Wilone O'Kielt,India,After Nines,4-Aug-22,12026.00,262
Kelci Walkden,India,99% Dark & Pure,28-Jun-22,2303.00,244
Gunar Cockshoot,Canada,Spicy Special Slims,5-Apr-22,13405.00,12
Madelene Upcott,Canada,Peanut Butter Cubes,5-Jul-22,14763.00,113
Kaine Padly,New Zealand,Eclairs,20-Jan-22,12894.00,48
Ches Bonnell,New Zealand,Drinking Coco,16-Feb-22,8302.00,131
Curtice Advani,UK,Drinking Coco,12-Jul-22,455.00,174
Kelci Walkden,India,Raspberry Choco,16-Jun-22,8183.00,254
Dotty Strutley,Australia,Choco Coated Almonds,13-Apr-22,1645.00,284
Kaine Padly,UK,50% Dark Bites,21-Feb-22,3143.00,67
Roddy Speechley,Canada,Choco Coated Almonds,11-May-22,5873.00,249
Ches Bonnell,India,50% Dark Bites,15-Apr-22,11298.00,313
Oby Sorrel,Canada,Peanut Butter Cubes,7-Jun-22,12425.00,167
Oby Sorrel,UK,White Choc,27-Jun-22,1715.00,286
Barr Faughny,India,After Nines,29-Jul-22,8190.00,109
Wilone O'Kielt,Canada,Smooth Sliky Salty,2-Jun-22,4991.00,166
Rafaelita Blaksland,India,Mint Chip Choco,26-Jan-22,15491.00,85
Rafaelita Blaksland,Canada,99% Dark & Pure,2-Mar-22,5096.00,142
Van Tuxwell,Australia,70% Dark Bites,10-Jan-22,7063.00,104
Beverie Moffet,USA,70% Dark Bites,27-Jun-22,2275.00,115
Barr Faughny,Canada,Orange Choco,30-Jun-22,7602.00,18
Roddy Speechley,Australia,85% Dark Bars,8-Jul-22,4200.00,80
Oby Sorrel,India,Spicy Special Slims,8-Jun-22,11137.00,88
Jan Morforth,UK,Manuka Honey Choco,18-Aug-22,3388.00,212
Kaine Padly,Australia,After Nines,8-Apr-22,6832.00,306
Wilone O'Kielt,Canada,Fruit & Nut Bars,8-Aug-22,3437.00,181
Wilone O'Kielt,UK,Milk Bars,26-Aug-22,301.00,65
Oby Sorrel,Canada,Fruit & Nut Bars,14-Jan-22,1869.00,158
Dennison Crosswaite,USA,Baker's Choco Chips,11-Aug-22,17465.00,271
Madelene Upcott,USA,Almond Choco,31-May-22,10143.00,24
Van Tuxwell,New Zealand,50% Dark Bites,11-Jul-22,3626.00,10
Karlen McCaffrey,Canada,Caramel Stuffed Bars,2-Mar-22,3346.00,304
Madelene Upcott,Australia,Raspberry Choco,13-Jul-22,6321.00,88
Rafaelita Blaksland,UK,Spicy Special Slims,3-Aug-22,9345.00,133
Curtice Advani,UK,Peanut Butter Cubes,1-Mar-22,15008.00,165
Kelci Walkden,New Zealand,White Choc,13-Apr-22,7609.00,150
Beverie Moffet,Canada,Fruit & Nut Bars,14-Feb-22,10332.00,180
Mallorie Waber,India,White Choc,26-Jul-22,819.00,213
Brien Boise,UK,Drinking Coco,27-Jan-22,5754.00,133
Jehu Rudeforth,India,Peanut Butter Cubes,14-Apr-22,28.00,446
Oby Sorrel,USA,Almond Choco,19-May-22,6440.00,141
Husein Augar,India,Eclairs,9-Feb-22,4956.00,58
Brien Boise,UK,Spicy Special Slims,25-May-22,2352.00,58
Oby Sorrel,Australia,Manuka Honey Choco,26-Jan-22,3906.00,76
Beverie Moffet,India,White Choc,4-Jul-22,1813.00,296
Ches Bonnell,India,Almond Choco,13-Apr-22,11788.00,73
Gigi Bohling,Australia,Smooth Sliky Salty,25-Jan-22,5768.00,119
Camilla Castle,USA,85% Dark Bars,25-Apr-22,2401.00,78
Camilla Castle,USA,Eclairs,10-Jun-22,4515.00,392
Madelene Upcott,New Zealand,White Choc,22-Aug-22,10794.00,51
Van Tuxwell,India,After Nines,27-Jun-22,13706.00,207
Husein Augar,India,Orange Choco,30-Jun-22,4361.00,40
Jehu Rudeforth,India,Almond Choco,30-Aug-22,10122.00,100
Karlen McCaffrey,Australia,Raspberry Choco,23-Aug-22,994.00,57
Camilla Castle,New Zealand,99% Dark & Pure,26-Aug-22,2268.00,42
Gigi Bohling,Australia,Orange Choco,9-Mar-22,574.00,156
Kelci Walkden,UK,Drinking Coco,20-Apr-22,1792.00,23
Mallorie Waber,Canada,Caramel Stuffed Bars,10-Jun-22,4844.00,539
Husein Augar,Australia,Organic Choco Syrup,8-Feb-22,938.00,158
Brien Boise,Australia,White Choc,25-Aug-22,4879.00,22
Dotty Strutley,India,Peanut Butter Cubes,16-Feb-22,9107.00,73
Dennison Crosswaite,UK,99% Dark & Pure,30-May-22,12187.00,27
Gigi Bohling,New Zealand,50% Dark Bites,29-Jun-22,5670.00,64
Gigi Bohling,USA,Milk Bars,16-Jun-22,476.00,133
Brien Boise,UK,Caramel Stuffed Bars,4-Mar-22,2681.00,149
Curtice Advani,New Zealand,Peanut Butter Cubes,15-Mar-22,1533.00,434
Curtice Advani,New Zealand,50% Dark Bites,27-Jan-22,9765.00,85
Beverie Moffet,Canada,Drinking Coco,5-Jul-22,994.00,118
Barr Faughny,USA,Caramel Stuffed Bars,29-Mar-22,3318.00,299
Mallorie Waber,Canada,Almond Choco,12-May-22,4214.00,35
Oby Sorrel,USA,Drinking Coco,11-Mar-22,7714.00,44
Brien Boise,New Zealand,Eclairs,11-Jul-22,4690.00,299
Gunar Cockshoot,New Zealand,Choco Coated Almonds,1-Aug-22,13062.00,62
Gunar Cockshoot,UK,Spicy Special Slims,16-Feb-22,12488.00,200
Curtice Advani,USA,After Nines,13-Apr-22,14147.00,235
Oby Sorrel,India,Choco Coated Almonds,14-Feb-22,49.00,363
Ches Bonnell,Australia,Peanut Butter Cubes,14-Mar-22,10199.00,68
Oby Sorrel,Australia,Spicy Special Slims,26-Apr-22,11389.00,26
Jehu Rudeforth,Canada,Manuka Honey Choco,5-Apr-22,3584.00,200
Camilla Castle,Canada,Drinking Coco,3-Mar-22,12481.00,264
Kaine Padly,USA,Spicy Special Slims,13-Jun-22,2107.00,175
Marney O'Breen,New Zealand,70% Dark Bites,14-Feb-22,8603.00,352
Roddy Speechley,New Zealand,99% Dark & Pure,18-Apr-22,7483.00,183
Oby Sorrel,New Zealand,85% Dark Bars,1-Feb-22,3381.00,417
Dotty Strutley,New Zealand,Orange Choco,4-Aug-22,2030.00,146
Andria Kimpton,New Zealand,Almond Choco,5-Apr-22,6559.00,158
Karlen McCaffrey,Australia,99% Dark & Pure,26-Jan-22,10822.00,168
Kaine Padly,UK,After Nines,21-Jan-22,18697.00,176
Kaine Padly,Canada,After Nines,22-Aug-22,5845.00,172
Kaine Padly,UK,Drinking Coco,27-Jan-22,2317.00,224
Rafaelita Blaksland,UK,50% Dark Bites,16-Feb-22,10150.00,68
Dotty Strutley,USA,Raspberry Choco,3-Jan-22,3437.00,46
Karlen McCaffrey,USA,White Choc,24-Aug-22,4592.00,2
Oby Sorrel,USA,Spicy Special Slims,7-Feb-22,5691.00,417
Mallorie Waber,Australia,Smooth Sliky Salty,11-Feb-22,4158.00,109
Kaine Padly,Canada,Organic Choco Syrup,29-Mar-22,5684.00,81
Marney O'Breen,USA,Peanut Butter Cubes,15-Jun-22,693.00,350
Dennison Crosswaite,UK,Smooth Sliky Salty,26-Apr-22,546.00,142
Brien Boise,Australia,Organic Choco Syrup,15-Jul-22,4263.00,264
Beverie Moffet,India,Organic Choco Syrup,23-Jun-22,1036.00,20
Dennison Crosswaite,Australia,Baker's Choco Chips,11-Jan-22,13846.00,421
Beverie Moffet,UK,50% Dark Bites,9-Feb-22,2499.00,271
Van Tuxwell,UK,Almond Choco,6-Jun-22,10689.00,204
Dotty Strutley,UK,Caramel Stuffed Bars,10-Aug-22,5768.00,235
Wilone O'Kielt,Australia,Smooth Sliky Salty,4-Jan-22,2226.00,46
Andria Kimpton,Canada,70% Dark Bites,8-Apr-22,10262.00,15
Barr Faughny,UK,Milk Bars,2-Mar-22,3864.00,430
Van Tuxwell,Canada,Drinking Coco,15-Jun-22,4900.00,709
Jehu Rudeforth,Australia,After Nines,14-Feb-22,5250.00,47
Husein Augar,UK,After Nines,5-Jul-22,3507.00,380
Barr Faughny,India,Mint Chip Choco,12-Jan-22,7413.00,465
Curtice Advani,India,Mint Chip Choco,3-Mar-22,8155.00,96
Jehu Rudeforth,New Zealand,Milk Bars,18-May-22,2478.00,188
Gunar Cockshoot,India,Caramel Stuffed Bars,28-Jul-22,2471.00,202
Curtice Advani,UK,Manuka Honey Choco,7-Feb-22,1666.00,106
Andria Kimpton,India,Orange Choco,30-May-22,301.00,421
Mallorie Waber,Australia,Raspberry Choco,25-Apr-22,8400.00,27
Beverie Moffet,Canada,85% Dark Bars,16-Feb-22,6139.00,45
Kelci Walkden,Australia,Drinking Coco,4-May-22,1288.00,60
Van Tuxwell,Canada,70% Dark Bites,2-Jun-22,7077.00,77
Dennison Crosswaite,USA,Caramel Stuffed Bars,11-Jul-22,2317.00,464
Beverie Moffet,New Zealand,Spicy Special Slims,7-Jun-22,63.00,60
Jan Morforth,UK,Almond Choco,6-Jul-22,9744.00,157
Husein Augar,India,Raspberry Choco,15-Jun-22,9954.00,154
Dotty Strutley,India,Mint Chip Choco,14-Apr-22,1260.00,239
Camilla Castle,India,Drinking Coco,8-Aug-22,469.00,163
Marney O'Breen,UK,Drinking Coco,29-Mar-22,973.00,28
Roddy Speechley,Australia,Organic Choco Syrup,4-Jul-22,3647.00,76
Ches Bonnell,India,99% Dark & Pure,16-Feb-22,455.00,96
Rafaelita Blaksland,Canada,Spicy Special Slims,2-May-22,2520.00,156
Van Tuxwell,India,Eclairs,21-Jul-22,10500.00,106
Gunar Cockshoot,Australia,99% Dark & Pure,18-Aug-22,7952.00,235
Kaine Padly,USA,85% Dark Bars,22-Jun-22,483.00,259
Camilla Castle,UK,Peanut Butter Cubes,19-Jul-22,4872.00,126
Madelene Upcott,UK,Peanut Butter Cubes,12-Aug-22,7756.00,85
Madelene Upcott,USA,Choco Coated Almonds,7-Jun-22,5446.00,132
Marney O'Breen,Canada,Peanut Butter Cubes,8-Mar-22,6594.00,91
Ches Bonnell,Australia,Choco Coated Almonds,8-Apr-22,1470.00,167
Curtice Advani,Canada,Eclairs,6-May-22,721.00,203
Roddy Speechley,India,Drinking Coco,31-May-22,4494.00,11
Van Tuxwell,Australia,Mint Chip Choco,13-Jan-22,2674.00,295
Dennison Crosswaite,USA,70% Dark Bites,15-Mar-22,658.00,77
Andria Kimpton,Canada,Peanut Butter Cubes,16-Feb-22,1127.00,319
Gigi Bohling,USA,70% Dark Bites,14-Jan-22,7364.00,196
Rafaelita Blaksland,Australia,White Choc,21-Mar-22,6818.00,102
Roddy Speechley,Canada,Drinking Coco,17-May-22,6776.00,312
Camilla Castle,New Zealand,85% Dark Bars,8-Aug-22,15099.00,55
Madelene Upcott,Canada,Milk Bars,26-Apr-22,3612.00,82
Madelene Upcott,Australia,70% Dark Bites,15-Apr-22,3710.00,260
Oby Sorrel,Canada,Eclairs,19-May-22,6111.00,591
Dennison Crosswaite,Canada,Drinking Coco,10-Jan-22,2702.00,24
Mallorie Waber,New Zealand,After Nines,4-May-22,483.00,228
Roddy Speechley,Canada,White Choc,5-Apr-22,5887.00,268
Andria Kimpton,India,After Nines,17-Jan-22,952.00,68
Roddy Speechley,India,Spicy Special Slims,22-Mar-22,10647.00,173
Dotty Strutley,Australia,White Choc,5-Jul-22,6055.00,93
Oby Sorrel,Canada,Orange Choco,27-Apr-22,8757.00,338
Kaine Padly,Canada,Almond Choco,12-Aug-22,6055.00,73
Jan Morforth,UK,Baker's Choco Chips,11-Mar-22,721.00,251
Jehu Rudeforth,UK,Fruit & Nut Bars,13-May-22,8589.00,229
Dennison Crosswaite,USA,Smooth Sliky Salty,12-May-22,11781.00,91
Brien Boise,USA,Raspberry Choco,12-Jan-22,672.00,194
Madelene Upcott,New Zealand,Milk Bars,29-Mar-22,12558.00,403
Roddy Speechley,India,50% Dark Bites,14-Mar-22,8337.00,12
Barr Faughny,New Zealand,99% Dark & Pure,24-May-22,8134.00,195
Dennison Crosswaite,Canada,Organic Choco Syrup,28-Jan-22,8491.00,75
Beverie Moffet,India,Almond Choco,24-May-22,3066.00,96
Brien Boise,Australia,Peanut Butter Cubes,19-Aug-22,301.00,205
Karlen McCaffrey,Australia,Spicy Special Slims,17-May-22,4410.00,323
Jehu Rudeforth,USA,White Choc,7-Jun-22,6559.00,119
Ches Bonnell,Canada,Organic Choco Syrup,26-Jul-22,574.00,217
Dotty Strutley,India,Eclairs,28-Jul-22,2086.00,384
Karlen McCaffrey,India,70% Dark Bites,23-May-22,5075.00,344
